id;ae_template_limit;video_submittion_limit;emojis;storage
1;Personal Ergonomic Handcrafted;Estate proactive;false;Books end-to-end
2;generating;concept Data Aruba;false;Spur
3;optical Account calculating;Courts Games;true;COM circuit
4;Soft Future Prairie;array;true;Incredible
5;calculate;strategic Auto;false;Suriname Synergistic
6;wireless SDD;innovative;true;firewall
7;Borders administration;SQL;true;system
8;Oklahoma Integration;Function-based systemic Kentucky;false;HTTP
9;Borders Handcrafted;Accountability for Quality;true;holistic synthesize Buckinghamshire
10;1080p;Rubber Cheese;true;Berkshire Kids
