id;video_name;video_duration;video_size;video_category;video_rating;video_status;video_public_url;video_path;video_visible_for
1;deposit e-business;management;Ethiopian 4th Namibia;Tools Supervisor Estate;Chicken Money;Ghana Carolina program;database Avon;Data Sausages 5th;navigating Glen
2;copy Granite Licensed;Rubber plug-and-play Solutions;Delaware hacking teal;empowering Buckinghamshire;generating Assimilated quantify;Consultant Tasty Sleek;backing;hard magenta payment;revolutionize Generic
3;transition Forward;New Product;States Exclusive;Wyoming;South overriding Avon;embrace;Wooden transition;dynamic Cambridgeshire XML;Fresh Burgs
4;e-commerce Bedfordshire reinvent;Organized Greenland;Nicaragua Polarised Sleek;Manors tan responsive;Summit Future-proofed;Missouri;fuchsia Berkshire program;XSS;Incredible real-time foreground
5;interfaces;Electronics Ball;Director invoice Personal;Sleek;Licensed;Solutions matrix;Metal architectures Loan;Investor;Function-based transform groupware
6;Soft;Curve Synchronised;driver;parse protocol;microchip Advanced Unbranded;turn-key calculating;Ball generate;SSL hack Tasty;open-source optical Comoro
7;Rubber Cross-group;eco-centric Reverse-engineered systemic;SCSI Concrete Account;optimize Panama Program;quantifying Malaysian;Jewelery;COM;synthesize orange Analyst;Electronics Rhode
8;drive wireless matrix;Account New Ball;silver Dinar;digital Maine;Incredible executive synergize;B2B interface;yellow International Oklahoma;payment;architect France programming
9;Representative Australia Account;homogeneous;Concrete Libyan;Fundamental;Gloves;auxiliary concept;distributed Fiji;driver;front-end
10;Handmade high-level;Lead recontextualize;bus;synergistic Chief;SAS;optimizing Oklahoma;Myanmar Alabama reinvent;withdrawal Cloned world-class;Buckinghamshire Producer Operations
